City_ID,City,Lat,Lng,Max Temp,Humidity,Cloudiness,Wind Speed,Country,Date
0,waitangi,-43.9535,-176.5597,11.57,96,91,1698338151,NZ,1698338151
1,tindouf,27.6711,-8.1474,25.66,22,0,1698215898,DZ,1698215898
2,port mathurin,-19.6833,63.4167,24.78,80,10,1698196163,MU,1698196163
3,iskilip,40.7353,34.4739,22.58,33,99,1698206615,TR,1698206615
4,bilibino,68.0546,166.4372,-16.93,99,33,1698179584,RU,1698179584
5,olonkinbyen,70.9221,-8.7187,2.74,93,100,1698223056,SJ,1698223056
6,siwa oasis,29.2041,25.5195,29.11,26,0,1698207913,EG,1698207913
7,adamstown,-25.066,-130.1015,22.25,83,4,1698242252,PN,1698242252
8,port augusta,-32.5,137.7667,12.19,49,7,1698177489,AU,1698177489
9,katsuura,35.1333,140.3,17.97,73,83,1698180757,JP,1698180757
10,el hamma,33.8915,9.7963,27.01,53,100,1698212007,TN,1698212007
11,ribeira grande,38.5167,-28.7,21.54,94,75,1698221603,PT,1698221603
12,margaret river,-33.95,115.0667,17.26,69,42,1698182823,AU,1698182823
13,puerto armuelles,8.2833,-82.8667,22.27,90,100,1698232748,PA,1698232748
14,bethel,41.3712,-73.414,10.27,90,0,1698232584,US,1698232584
15,inhuma,-6.6683,-41.7078,28.73,50,67,1698222100,BR,1698222100
16,west island,-12.1568,96.8225,27.99,78,40,1698188571,CC,1698188571
17,turpan,42.9333,89.1667,18.88,31,0,1698193672,CN,1698193672
18,blackmans bay,-43.0167,147.3167,7.07,76,45,1698174292,AU,1698174292
19,grytviken,-54.2811,-36.5092,2.75,84,95,1698216899,GS,1698216899
20,yellowknife,62.456,-114.3525,-4.21,86,100,1698245426,CA,1698245426
21,codrington,-38.2667,141.9667,9.48,60,79,1698176020,AU,1698176020
22,puerto natales,-51.7236,-72.4875,12.25,50,75,1698225922,CL,1698225922
23,port-aux-francais,-49.35,70.2167,4.73,83,100,1698192049,TF,1698192049
24,namibe,-15.1961,12.1522,23.0,63,29,1698208718,AO,1698208718
25,hermanus,-34.4187,19.2345,20.71,58,31,1698205769,ZA,1698205769
26,iskateley,67.6803,53.1512,-0.55,96,100,1698206705,RU,1698206705
27,vilyuchinsk,52.9306,158.4028,4.96,92,100,1698178140,RU,1698178140
28,machico,32.7,-16.7667,27.62,76,20,1698218302,PT,1698218302
29,anacortes,48.5126,-122.6127,7.15,94,100,1698245116,US,1698245116
30,praia da vitoria,38.7333,-27.0667,22.14,83,40,1698221229,PT,1698221229
31,terrace,54.5163,-128.6035,-1.05,50,0,1698247339,CA,1698247339
32,los arabos,22.7281,-80.7214,23.45,82,48,1698233022,CU,1698233022
33,keflavik,64.0049,-22.5624,8.95,76,100,1698223749,IS,1698223749
34,edinburgh of the seven seas,-37.0676,-12.3116,9.67,78,60,1698213117,SH,1698213117
35,bredasdorp,-34.5322,20.0403,21.92,51,30,1698205566,ZA,1698205566
36,las higueras,-33.0923,-64.289,14.2,80,38,1698225902,AR,1698225902
37,laojunmiao,39.8333,97.7333,9.1,29,3,1698191345,CN,1698191345
38,chichiriviche,10.9333,-68.2772,27.08,85,98,1698229384,VE,1698229384
39,klyuchi,52.2667,79.1667,11.61,39,100,1698197093,RU,1698197093
40,papatowai,-46.5619,169.4708,15.82,57,97,1698254898,NZ,1698254898
41,barcelos,41.5388,-8.6151,19.08,92,100,1698217034,PT,1698217034
42,ust-nera,64.5667,143.2,-21.93,99,61,1698184034,RU,1698184034
43,udayagiri,20.1333,84.3833,23.34,77,91,1698193235,IN,1698193235
44,ilulissat,69.2167,-51.1,-4.99,58,20,1698232423,GL,1698232423
45,spring creek,40.7266,-115.5859,8.55,41,43,1698242657,US,1698242657
46,geraldton,-28.7667,114.6,20.23,77,1,1698183312,AU,1698183312
47,port saint john's,-31.6229,29.5448,21.89,58,0,1698203509,ZA,1698203509
48,brisas de zicatela,15.8369,-97.0419,25.07,86,100,1698236551,MX,1698236551
49,kakata,6.53,-10.3517,28.49,88,100,1698215253,LR,1698215253
50,kamaishi,39.2667,141.8833,15.04,82,65,1698180694,JP,1698180694
51,puerto baquerizo moreno,-0.9,-89.6,23.63,85,84,1698233891,EC,1698233891
52,jwaneng,-24.6004,24.7303,35.94,3,0,1698205143,BW,1698205143
53,toliara,-23.35,43.6667,28.52,73,23,1698200679,MG,1698200679
54,cartagena,10.3997,-75.5144,23.79,100,20,1698231093,CO,1698231093
55,chernyshevskiy,63.0128,112.4714,-6.86,89,80,1698191015,RU,1698191015
56,dudinka,69.4058,86.1778,-8.51,96,100,1698199461,RU,1698199461
57,san antonio de pale,-1.4014,5.6325,26.04,80,97,1698211012,GQ,1698211012
58,hithadhoo,-0.6,73.0833,27.44,80,30,1698194866,MV,1698194866
59,crane,31.3974,-102.3501,17.69,82,17,1698238763,US,1698238763
60,kaliua,-5.0606,31.7936,29.27,40,81,1698204547,TZ,1698204547
61,iqaluit,63.7506,-68.5145,-4.15,85,75,1698234733,CA,1698234733
62,vila franca do campo,37.7167,-25.4333,21.23,84,100,1698220755,PT,1698220755
63,santyoku,37.4406,129.1708,16.39,71,0,1698183603,KR,1698183603
64,qamdo,31.1667,97.2333,3.25,35,58,1698190822,CN,1698190822
65,udachny,66.4167,112.4,-11.13,89,54,1698192005,RU,1698192005
66,marand,38.4329,45.7749,19.66,34,13,1698203710,IR,1698203710
67,castillos,-34.1667,-53.8333,13.71,75,91,1698223311,UY,1698223311
68,pointe-du-lac,46.2869,-72.6845,10.94,94,100,1698232879,CA,1698232879
69,taoudenni,22.6783,-3.9836,36.69,15,98,1698214596,ML,1698214596
70,sinabang,2.4803,96.3801,26.53,80,88,1698189431,ID,1698189431
71,puerto ayora,-0.7393,-90.3518,23.08,97,97,1698234080,EC,1698234080
72,fort bragg,35.139,-79.006,11.01,91,0,1698233424,US,1698233424
73,tippi,7.2,35.45,26.02,65,91,1698204294,ET,1698204294
74,walvis bay,-22.9575,14.5053,18.38,67,10,1698207699,NA,1698207699
75,qaqortoq,60.7167,-46.0333,-0.22,56,30,1698228600,GL,1698228600
76,slobozhans'ke,49.597,36.5262,10.07,56,100,1698207006,UA,1698207006
77,argo,37.6333,22.7333,23.77,38,100,1698209180,GR,1698209180
78,longyearbyen,78.2186,15.6401,-4.09,93,75,1698225871,SJ,1698225871
79,puerto san jose,13.9256,-90.8244,25.03,89,100,1698234955,GT,1698234955
80,mitrofanovka,49.9708,39.6939,6.96,58,98,1698206290,RU,1698206290
81,albany,42.6001,-73.9662,11.0,84,14,1698232827,US,1698232827
82,kodiak,57.79,-152.4072,-2.27,86,0,1698253599,US,1698253599
83,claremont,34.0967,-117.7198,17.49,87,100,1698242644,US,1698242644
84,fayzabad,37.1166,70.58,23.48,14,32,1698197649,AF,1698197649
85,mount isa,-20.7333,139.5,30.87,15,0,1698177849,AU,1698177849
86,san martin,-33.081,-68.4681,13.07,75,6,1698226905,AR,1698226905
87,susuman,62.7833,148.1667,-16.12,99,92,1698182374,RU,1698182374
88,graaff-reinet,-32.2522,24.5308,23.84,39,5,1698204664,ZA,1698204664
89,ola,59.5833,151.2833,-6.03,80,16,1698180928,RU,1698180928
90,kushiro,42.975,144.3747,9.53,100,40,1698180414,JP,1698180414
91,atafu village,-8.5421,-172.5159,28.9,75,7,1698339769,TK,1698339769
92,flying fish cove,-10.4217,105.6791,25.82,88,75,1698186538,CX,1698186538
93,vadso,70.0744,29.7487,-1.91,64,0,1698213358,NO,1698213358
94,meridian,43.6121,-116.3915,10.74,72,100,1698243112,US,1698243112
95,arraial do cabo,-22.9661,-42.0278,22.92,94,75,1698221259,BR,1698221259
96,fort st. john,56.2499,-120.8529,-15.06,92,0,1698245749,CA,1698245749
97,port blair,11.6667,92.75,27.02,83,75,1698190771,IN,1698190771
98,hadibu,12.65,54.0333,28.65,70,82,1698200116,YE,1698200116
99,parkes,-33.1333,148.1833,9.55,34,43,1698174944,AU,1698174944
100,salekhard,66.53,66.6019,-7.7,92,82,1698203062,RU,1698203062
101,hamilton,39.1834,-84.5333,18.09,52,100,1698235068,US,1698235068
102,georgetown,5.4112,100.3354,28.96,74,20,1698188630,MY,1698188630
103,thompson,55.7435,-97.8558,-3.91,80,100,1698240139,CA,1698240139
104,svetlyy,54.675,20.1347,8.03,88,100,1698211617,RU,1698211617
105,kapuskasing,49.4169,-82.4331,3.0,93,100,1698235567,CA,1698235567
106,podporozh'ye,60.9112,34.1706,1.62,65,8,1698209358,RU,1698209358
107,christchurch,-43.5333,172.6333,14.95,74,97,1698254479,NZ,1698254479
108,ulaangom,49.9811,92.0667,4.02,51,32,1698193707,MN,1698193707
109,port elizabeth,-33.918,25.5701,22.4,52,20,1698204288,ZA,1698204288
110,remire-montjoly,4.9167,-52.2667,27.02,89,40,1698225230,GF,1698225230
111,tangzhai,34.4328,116.5911,23.1,39,53,1698186400,CN,1698186400
112,antalaha,-14.9003,50.2788,28.24,67,100,1698199588,MG,1698199588
113,serdar,38.9764,56.2757,25.33,37,91,1698201232,TM,1698201232
114,marsh harbour,26.5412,-77.0636,25.74,67,89,1698232374,BS,1698232374
115,ushuaia,-54.8,-68.3,7.81,49,75,1698224428,AR,1698224428
116,lihue,21.9789,-159.3672,22.58,83,0,1698251859,US,1698251859
117,paracuru,-3.41,-39.0306,27.84,65,71,1698221627,BR,1698221627
118,nola,40.922,14.5329,20.79,88,100,1698211420,IT,1698211420
119,port lincoln,-34.7333,135.8667,11.24,51,14,1698177774,AU,1698177774
120,calama,-22.4667,-68.9333,13.27,18,0,1698227744,CL,1698227744
121,selfoss,63.9331,-20.9971,7.8,83,100,1698223353,IS,1698223353
122,vernon,50.2581,-119.2691,4.2,86,100,1698244519,CA,1698244519
123,eyl,7.9803,49.8164,30.18,62,14,1698200886,SO,1698200886
124,adrar,20.5022,-10.0711,33.52,23,16,1698215932,MR,1698215932
125,carnarvon,-24.8667,113.6333,21.57,73,0,1698183801,AU,1698183801
126,lebu,-37.6167,-73.65,8.76,83,12,1698227778,CL,1698227778
127,qarazhal,48.0078,70.7903,13.11,54,100,1698198593,KZ,1698198593
128,whitehorse,60.7161,-135.0538,-5.57,63,100,1698250004,CA,1698250004
129,sittwe,20.15,92.9,27.2,82,50,1698191192,MM,1698191192
130,fecamp,49.7579,0.3746,14.84,86,100,1698215712,FR,1698215712
131,cidreira,-30.1811,-50.2056,17.26,74,99,1698222740,BR,1698222740
132,awjilah,29.1081,21.2869,30.69,22,0,1698208923,LY,1698208923
133,shindand,33.3029,62.1474,26.99,14,54,1698199394,AF,1698199394
134,okhotsk,59.3833,143.3,-9.42,82,8,1698182809,RU,1698182809
135,moab,38.5733,-109.5498,9.03,44,0,1698241026,US,1698241026
136,challapata,-18.9,-66.7667,10.35,68,55,1698227440,BO,1698227440
137,hawaiian paradise park,19.5933,-154.9731,23.91,95,100,1698250667,US,1698250667
138,tadine,-21.55,167.8833,21.86,90,100,1698170992,NC,1698170992
139,beloyarskiy,63.7119,66.6722,-2.22,83,100,1698202209,RU,1698202209
140,laguna,38.421,-121.4238,13.99,84,0,1698243866,US,1698243866
141,dolinsk,47.35,142.8,10.96,95,79,1698181222,RU,1698181222
142,aasiaat,68.7098,-52.8699,-7.8,79,100,1698232630,GL,1698232630
143,brookings,44.3114,-96.7984,7.0,95,100,1698238473,US,1698238473
144,fortuna,40.5982,-124.1573,11.48,90,100,1698244704,US,1698244704
145,saue,59.3203,24.5525,4.78,60,0,1698211345,EE,1698211345
146,emporia,38.4039,-96.1817,20.11,94,100,1698237802,US,1698237802
147,mhamid,29.82,-5.72,27.12,17,0,1698215454,MA,1698215454
148,kencong,-8.2833,113.3667,25.42,85,10,1698184806,ID,1698184806
149,alofi,-19.0595,-169.9187,21.94,68,100,1698252176,NU,1698252176
150,nouadhibou,20.931,-17.0347,28.99,42,4,1698217628,MR,1698217628
151,constantia,44.1833,28.65,26.5,53,100,1698208325,RO,1698208325
152,worland,44.0169,-107.9554,4.82,95,100,1698241125,US,1698241125
153,balabac,7.9868,117.0645,28.47,71,56,1698184746,PH,1698184746
154,hassi messaoud,31.6804,6.0729,28.92,34,73,1698212747,DZ,1698212747
155,dunedin,-45.8742,170.5036,14.89,72,100,1698254731,NZ,1698254731
156,howard springs,-12.497,131.047,29.95,74,68,1698180341,AU,1698180341
157,xuchang,34.0167,113.8167,23.86,31,4,1698187036,CN,1698187036
158,yeppoon,-23.1333,150.7333,22.88,88,0,1698175010,AU,1698175010
159,nova sintra,14.8667,-24.7167,24.33,71,16,1698219137,CV,1698219137
160,jamestown,42.097,-79.2353,18.77,64,75,1698234047,US,1698234047
161,isafjordur,66.0755,-23.124,0.02,93,0,1698224499,IS,1698224499
162,thunder bay,48.4001,-89.3168,3.99,87,100,1698237104,CA,1698237104
163,uturoa,-16.7333,-151.4333,26.64,75,84,1698247877,PF,1698247877
164,ribeira brava,32.65,-17.0667,27.62,73,38,1698218370,PT,1698218370
165,stanley,54.868,-1.6985,10.29,95,75,1698216893,GB,1698216893
166,samarinda,-0.5,117.15,24.94,92,100,1698184296,ID,1698184296
167,badger,64.8,-147.5333,-3.07,87,100,1698254034,US,1698254034
168,goure,13.9835,10.2704,35.5,8,86,1698210691,NE,1698210691
169,xai-xai,-25.0519,33.6442,25.61,56,70,1698202976,MZ,1698202976
170,jiuquan,39.7432,98.5174,13.71,22,3,1698191149,CN,1698191149
171,tumpat,6.1978,102.171,27.7,76,26,1698188229,MY,1698188229
172,fang,19.9169,99.2145,23.5,94,66,1698189663,TH,1698189663
173,pervomayskoye,43.919,46.7102,20.09,39,70,1698203962,RU,1698203962
174,sisimiut,66.9395,-53.6735,-3.72,63,95,1698232142,GL,1698232142
175,tubarjal,30.4999,38.216,29.33,28,0,1698204949,SA,1698204949
176,powell,40.1578,-83.0752,17.73,62,0,1698234799,US,1698234799
177,plastun,44.7561,136.2939,11.06,71,42,1698182522,RU,1698182522
178,salinopolis,-0.6136,-47.3561,27.68,71,13,1698223768,BR,1698223768
179,naze,28.3667,129.4833,20.83,63,26,1698182896,JP,1698182896
180,bintulu,3.1667,113.0333,27.45,78,67,1698185469,MY,1698185469
181,malango,-2.9627,119.9001,20.16,95,45,1698183512,ID,1698183512
182,charlottetown,46.2352,-63.1267,10.31,90,40,1698230577,CA,1698230577
183,biryusinsk,55.9634,97.8235,3.02,97,100,1698193143,RU,1698193143
184,bonthe,7.5264,-12.505,27.08,74,100,1698215821,SL,1698215821
185,tobol'sk,58.2,68.2667,-0.22,69,100,1698200626,RU,1698200626
186,colonia,50.9333,6.95,11.57,90,75,1698214275,DE,1698214275
187,kongoussi,13.3258,-1.5347,35.93,14,74,1698213490,BF,1698213490
188,kondratovo,57.9804,56.1066,0.16,59,75,1698203509,RU,1698203509
189,brezina,33.0989,1.2608,23.36,26,1,1698214001,DZ,1698214001
190,invercargill,-46.4,168.35,16.12,71,80,1698255185,NZ,1698255185
191,palmer,42.1584,-72.3287,10.93,90,75,1698232393,US,1698232393
192,meadow lake,34.8014,-106.5436,12.44,63,99,1698240012,US,1698240012
193,terenozek,45.05,64.9833,20.86,39,99,1698199681,KZ,1698199681
194,teguise,29.0605,-13.564,24.12,50,40,1698217288,ES,1698217288
195,takab,36.4009,47.1133,16.48,36,48,1698203230,IR,1698203230
196,anadyr,64.75,177.4833,3.28,93,75,1698175839,RU,1698175839
197,phan thiet,10.9333,108.1,26.72,82,36,1698187049,VN,1698187049
198,salalah,17.0151,54.0924,30.05,70,75,1698200335,OM,1698200335
199,port alfred,-33.5906,26.891,21.21,71,10,1698203997,ZA,1698203997
200,avarua,-21.2078,-159.775,21.03,64,100,1698249613,CK,1698249613
201,ulladulla,-35.35,150.4667,11.54,87,100,1698174224,AU,1698174224
202,wailua homesteads,22.0669,-159.378,22.24,83,0,1698251867,US,1698251867
203,marilia,-22.2139,-49.9458,24.03,73,91,1698223205,BR,1698223205
204,haiku-pauwela,20.9219,-156.3051,23.36,82,0,1698251063,US,1698251063
205,vorkuta,67.5,64.0,-16.45,98,8,1698204028,RU,1698204028
206,isiro,2.7739,27.616,32.73,44,80,1698205949,CD,1698205949
207,st. john's,47.5649,-52.7093,7.1,88,50,1698228216,CA,1698228216
208,tolanaro,-25.0319,46.9987,26.37,78,63,1698199774,MG,1698199774
209,villa berthet,-27.2917,-60.4126,19.91,71,100,1698225389,AR,1698225389
210,saldanha,-33.0117,17.9442,17.48,64,10,1698206187,ZA,1698206187
211,bryne,58.7354,5.6477,8.88,63,0,1698215778,NO,1698215778
212,alfredo v. bonfil,21.0833,-86.85,26.97,78,40,1698234397,MX,1698234397
213,visby,57.6409,18.296,7.24,93,75,1698212538,SE,1698212538
214,ridder,50.355,83.5133,5.07,56,75,1698195807,KZ,1698195807
215,tual,-5.6667,132.75,27.31,76,49,1698180290,ID,1698180290
216,rondonopolis,-16.4708,-54.6356,29.95,56,16,1698224670,BR,1698224670
217,ilomantsi,62.6716,30.9328,-0.73,69,7,1698210540,FI,1698210540
218,zarghun shahr,32.8473,68.4457,18.02,16,1,1698197849,AF,1698197849
219,kourou,5.1552,-52.6478,27.03,81,100,1698225334,GF,1698225334
220,cidade velha,14.9167,-23.6167,29.26,61,20,1698218875,CV,1698218875
221,palembang,-2.9167,104.7458,30.05,70,40,1698187151,ID,1698187151
222,muli,2.9167,73.5667,28.1,76,100,1698194928,MV,1698194928
223,minas de marcona,-15.2119,-75.1103,13.26,92,92,1698229653,PE,1698229653
224,mathba,22.2855,89.9629,27.68,75,71,1698192018,BD,1698192018
225,san juan nepomuceno,9.9516,-75.082,23.76,93,87,1698230966,CO,1698230966
226,horta,38.5333,-28.6333,21.12,93,75,1698221589,PT,1698221589
227,belyy yar,53.6039,91.3903,7.94,61,0,1698194337,RU,1698194337
228,emerald,-23.5333,148.1667,28.52,43,0,1698175601,AU,1698175601
229,ketchikan,55.3422,-131.6461,3.99,69,0,1698248197,US,1698248197
230,talnakh,69.4865,88.3972,-7.95,97,100,1698198963,RU,1698198963
231,ujae,8.9322,165.7642,28.71,80,78,1698173105,MH,1698173105
232,vila velha,-20.3297,-40.2925,27.19,81,0,1698221004,BR,1698221004
233,menton,43.7765,7.5044,23.01,69,72,1698213366,FR,1698213366
234,yuzhno-kurilsk,44.0306,145.8556,12.99,87,6,1698180156,RU,1698180156
235,sarupathar,26.1984,93.8094,22.2,93,78,1698191327,IN,1698191327
236,antsiranana,-12.2787,49.2917,29.99,58,99,1698199968,MG,1698199968
237,barah,13.7,30.3667,37.72,15,8,1698205852,SD,1698205852
238,hami,42.8,93.45,14.74,31,0,1698192631,CN,1698192631
239,labasa,-16.4167,179.3833,23.76,85,100,1698168530,FJ,1698168530
240,gasa,31.5,34.4667,29.93,42,4,1698205916,PS,1698205916
241,suoyarvi,62.0833,32.35,0.1,65,6,1698210059,RU,1698210059
242,tiksi,71.6872,128.8694,-19.47,100,17,1698190350,RU,1698190350
243,labytnangi,66.6572,66.4183,-8.31,88,84,1698203149,RU,1698203149
244,liwale,-9.7667,37.9333,30.78,49,100,1698202828,TZ,1698202828
245,kruisfontein,-34.0033,24.7314,22.06,44,5,1698204483,ZA,1698204483
246,tura,25.5198,90.2201,22.97,93,11,1698192147,IN,1698192147
247,dapa,9.7594,126.0531,28.22,78,100,1698182679,PH,1698182679
248,chibougamau,49.9168,-74.3659,6.79,100,100,1698233689,CA,1698233689
249,waynesboro,38.0685,-78.8895,11.24,81,0,1698233622,US,1698233622
250,yanchep,-31.55,115.6833,22.9,76,1,1698182855,AU,1698182855
251,newnham,-41.3833,147.1333,7.04,56,40,1698174497,AU,1698174497
252,punta arenas,-53.15,-70.9167,8.01,65,100,1698225328,CL,1698225328
253,ust'-kulom,61.6864,53.6902,-1.22,60,52,1698204836,RU,1698204836
254,kosh-agach,50.0,88.6667,0.17,47,53,1698194526,RU,1698194526
255,estrela,-28.0611,-50.9383,16.39,87,83,1698223064,BR,1698223064
256,bikaner,28.0167,73.3,33.08,19,1,1698196364,IN,1698196364
257,tucuma,-0.1833,-50.05,28.11,70,12,1698224437,BR,1698224437
258,tshabong,-26.05,22.45,33.93,5,0,1698205596,BW,1698205596
259,altamont,42.2068,-121.7372,7.09,73,100,1698244266,US,1698244266
260,bardai,11.65,7.2333,32.66,14,75,1698211297,NG,1698211297
261,nykobing sjaelland,55.9249,11.6711,9.57,89,100,1698213844,DK,1698213844
262,moranbah,-22.0016,148.0466,24.29,51,0,1698175723,AU,1698175723
263,nelson bay,-32.7167,152.15,20.56,83,48,1698174024,AU,1698174024
264,griffith,41.5284,-87.4237,16.96,81,100,1698235963,US,1698235963
265,hirara,24.8,125.2833,24.92,83,20,1698183686,JP,1698183686
266,danilov,58.1908,40.1717,1.09,61,42,1698207378,RU,1698207378
267,makow mazowiecki,52.8649,21.1005,10.89,93,100,1698211126,PL,1698211126
268,sucre,-19.0333,-65.2627,13.89,78,97,1698227071,BO,1698227071
269,utrik,11.2278,169.8474,27.82,76,82,1698172243,MH,1698172243
270,salmon arm,50.6998,-119.3024,-2.6,95,90,1698244582,CA,1698244582
271,ponta delgada,37.7333,-25.6667,21.4,88,75,1698220812,PT,1698220812
272,jaicos,-7.3592,-41.1378,29.11,46,27,1698221927,BR,1698221927
273,alice springs,-23.7,133.8833,19.75,28,4,1698179017,AU,1698179017
274,recani,31.2846,-4.2688,24.74,18,0,1698215203,MA,1698215203
275,pindushi,62.9152,34.58,0.66,71,17,1698209723,RU,1698209723
276,gaozhou,21.9392,110.8461,25.18,85,100,1698186985,CN,1698186985
277,urangan,-25.3,152.9,22.52,83,0,1698174354,AU,1698174354
278,pachelma,53.2443,43.3521,1.71,47,68,1698205831,RU,1698205831
279,magadan,59.5667,150.8,-6.37,83,31,1698181041,RU,1698181041
280,sinop,41.7711,34.8709,18.24,47,100,1698206609,TR,1698206609
281,sitka,57.0531,-135.33,0.94,69,0,1698249364,US,1698249364
282,serchhip,23.3,92.8333,17.43,99,100,1698191388,IN,1698191388
283,hotan,37.0997,79.9269,20.98,12,0,1698195403,CN,1698195403
284,pico truncado,-46.7949,-67.9573,10.34,49,9,1698225487,AR,1698225487
285,lamarque,-39.423,-65.7021,15.04,63,0,1698225712,AR,1698225712
286,beau vallon,-20.4189,57.6953,29.13,70,40,1698197492,MU,1698197492
287,pangoa,-12.1167,-73.0,20.83,83,76,1698229318,PE,1698229318
288,igaci,-9.5369,-36.6336,27.73,50,21,1698220731,BR,1698220731
289,shwebo,22.5667,95.7,24.39,89,84,1698190657,MM,1698190657
290,brandon,27.9378,-82.2859,21.12,89,40,1698233717,US,1698233717
291,suhbaatar,50.2314,106.2078,1.26,56,58,1698190339,MN,1698190339
292,parsons,37.3403,-95.2611,20.93,89,69,1698237496,US,1698237496
293,college,64.8569,-147.8028,-3.03,83,75,1698254115,US,1698254115
294,sumenep,-7.0167,113.8667,28.06,73,1,1698184752,ID,1698184752
295,bikenibeu village,1.3673,173.1241,28.98,84,20,1698170958,KI,1698170958
296,ballina,-28.8667,153.5667,22.59,76,11,1698173959,AU,1698173959
297,pizarro,4.9533,-77.366,24.51,92,96,1698231256,CO,1698231256
298,petropavlovsk-kamchatsky,53.0452,158.6483,4.14,78,100,1698178097,RU,1698178097
299,tabas,33.5959,56.9244,29.85,14,72,1698200669,IR,1698200669
300,nueva concepcion,14.2,-91.3,22.89,92,100,1698235084,GT,1698235084
301,minot air force base,48.4209,-101.3391,-0.9,99,100,1698239995,US,1698239995
302,bhavnagar,21.7667,72.15,32.79,29,1,1698196265,IN,1698196265
303,asmar,35.0333,71.3581,23.69,35,3,1698197306,AF,1698197306
304,nizhny tagil,57.9194,59.965,-0.11,52,40,1698202571,RU,1698202571
305,zhalantun,48.0,122.7167,6.37,23,36,1698186117,CN,1698186117
306,klintsy,52.7602,32.2393,8.31,64,100,1698208435,RU,1698208435
307,katabu,-4.9333,122.5167,25.29,68,31,1698182783,ID,1698182783
308,noyabrsk,63.1994,75.4507,-3.2,84,96,1698199965,RU,1698199965
309,kavaratti,10.5669,72.642,29.13,64,29,1698195541,IN,1698195541
310,durban,-29.8579,31.0292,23.51,61,1,1698203280,ZA,1698203280
311,kailua-kona,19.6406,-155.9956,24.77,73,0,1698250915,US,1698250915
312,port douglas,-16.4833,145.4667,23.18,81,7,1698176663,AU,1698176663
313,guerrero negro,27.9769,-114.0611,17.43,85,3,1698241349,MX,1698241349
314,espanola,35.9911,-106.0806,11.47,62,100,1698239990,US,1698239990
315,nar'yan-mar,67.6713,53.087,-0.5,96,100,1698206717,RU,1698206717
316,embi,48.8264,58.1442,6.37,72,99,1698201723,KZ,1698201723
317,sanctuary point,-35.1114,150.629,16.53,80,100,1698174204,AU,1698174204
318,aban,56.67,96.06,2.98,96,100,1698193681,RU,1698193681
319,ulverston,54.1959,-3.0963,10.86,87,36,1698217129,GB,1698217129
320,vorgashor,67.5833,63.95,-16.17,98,9,1698204070,RU,1698204070
321,brokopondo,4.75,-55.1667,26.13,84,50,1698225917,SR,1698225917
322,queenstown,-31.8976,26.8753,22.92,24,1,1698204129,ZA,1698204129
323,tazovsky,67.4667,78.7,-7.77,92,17,1698200478,RU,1698200478
324,south windsor,41.8237,-72.6212,11.63,92,0,1698232434,US,1698232434
325,mejit,10.2753,170.8646,28.02,79,28,1698171950,MH,1698171950
326,el calafate,-50.3408,-72.2768,5.53,72,51,1698226069,AR,1698226069
327,zeya,53.75,127.2667,3.6,74,100,1698185736,RU,1698185736
328,saint-philippe,-21.3585,55.7679,27.77,78,41,1698197898,RE,1698197898
329,upata,8.0086,-62.3989,24.08,86,13,1698227821,VE,1698227821
330,desaguadero,-16.5656,-69.0417,8.97,71,71,1698228121,PE,1698228121
331,general acha,-37.377,-64.6043,14.47,66,0,1698225630,AR,1698225630
332,fisterra,42.9049,-9.2629,18.75,95,100,1698217313,ES,1698217313
333,saint-joseph,-21.3667,55.6167,29.15,75,28,1698197934,RE,1698197934
334,salinas,36.6777,-121.6555,13.93,86,40,1698243783,US,1698243783
335,yoro,15.1333,-87.1333,19.95,97,98,1698234134,HN,1698234134
336,sao jose da coroa grande,-8.8978,-35.1478,26.2,71,94,1698220409,BR,1698220409
337,arno,60.1167,18.6333,4.88,69,100,1698212926,SE,1698212926
338,bakchar,57.0186,82.0711,3.19,97,100,1698197101,RU,1698197101
339,bay city,43.5945,-83.8889,18.39,70,0,1698235303,US,1698235303
340,guasdualito,7.2424,-70.7324,23.53,96,46,1698229781,VE,1698229781
341,lata,40.1629,-8.3327,19.4,83,100,1698216848,PT,1698216848
342,terbanggi besar,-4.8667,105.2333,28.93,62,100,1698186934,ID,1698186934
343,cova figueira,14.8905,-24.2934,24.35,73,49,1698219036,CV,1698219036
344,medvezh'yegorsk,62.9167,34.4667,0.82,70,15,1698209751,RU,1698209751
345,cockburn town,21.4612,-71.1419,27.92,68,57,1698230648,TC,1698230648
346,rabak,13.1809,32.74,37.15,27,71,1698205255,SD,1698205255
347,mirny,62.5353,113.9611,-4.31,79,97,1698190540,RU,1698190540
348,hanak,41.2336,42.8472,14.44,41,22,1698204646,TR,1698204646
349,floro,61.5996,5.0328,13.04,54,0,1698216516,NO,1698216516
350,kone,-21.0595,164.8658,22.25,85,98,1698171745,NC,1698171745
351,ocean shores,46.9737,-124.1563,7.79,95,100,1698245317,US,1698245317
352,kununurra,-15.7667,128.7333,31.99,51,77,1698180717,AU,1698180717
353,santa marta,11.2408,-74.199,27.72,78,40,1698230822,CO,1698230822
354,lompoc,34.6391,-120.4579,14.45,87,100,1698243341,US,1698243341
355,sao joao do paraiso,-15.3136,-42.0144,27.77,46,83,1698221707,BR,1698221707
356,serenje,-13.2325,30.2352,34.07,15,27,1698204488,ZM,1698204488
357,mossel bay,-34.1831,22.146,20.96,67,11,1698205089,ZA,1698205089
358,micheweni,-4.9667,39.8333,29.91,62,73,1698202622,TZ,1698202622
359,al qubbah,32.7616,22.2424,25.42,32,100,1698208938,LY,1698208938
360,hasaki,35.7333,140.8333,17.22,66,99,1698180673,JP,1698180673
361,newport,51.5877,-2.9984,13.07,88,93,1698216748,GB,1698216748
362,greenland,43.0362,-70.8328,11.59,91,20,1698232114,US,1698232114
363,san jose de guanipa,8.8872,-64.1651,24.87,86,16,1698228290,VE,1698228290
364,nyurba,63.2842,118.3319,-6.06,91,97,1698189674,RU,1698189674
365,yeosu,34.7546,127.6599,17.9,80,0,1698183765,KR,1698183765
366,new plymouth,-39.0667,174.0833,12.4,92,68,1698254570,NZ,1698254570
367,kalmunai,7.4167,81.8167,28.24,72,43,1698193177,LK,1698193177
368,coahuayana de hidalgo,18.7,-103.6583,22.82,92,88,1698238297,MX,1698238297
369,ljutomer,46.5208,16.1975,19.55,74,100,1698211550,SI,1698211550
370,tacurong,6.6833,124.6833,25.96,89,95,1698182851,PH,1698182851
371,kabinda,-6.1333,24.4833,30.19,51,75,1698206245,CD,1698206245
372,poronaysk,49.2167,143.1167,6.51,72,100,1698181352,RU,1698181352
373,nuuk,64.1835,-51.7216,-1.66,74,75,1698230812,GL,1698230812
374,taksimo,56.3444,114.8794,-6.18,67,49,1698189104,RU,1698189104
375,riobamba,-1.6667,-78.6333,10.03,92,100,1698231220,EC,1698231220
376,kimbe,-5.5502,150.1429,23.99,92,97,1698176123,PG,1698176123
377,princeville,45.7668,-61.2985,9.68,93,40,1698230090,CA,1698230090
378,concordia,-31.393,-58.0209,13.21,90,1,1698224526,AR,1698224526
379,yinchuan,38.4681,106.2731,18.05,17,78,1698189183,CN,1698189183
380,moyynkum,44.2914,72.9469,20.16,32,98,1698197695,KZ,1698197695
381,kiknur,57.3034,47.2011,0.92,84,69,1698205532,RU,1698205532
382,bayganin,48.6947,55.8742,5.64,69,100,1698202254,KZ,1698202254
383,daru,-9.0763,143.2092,23.26,72,87,1698177604,PG,1698177604
384,tucurui,-3.7661,-49.6725,28.45,61,50,1698224162,BR,1698224162
385,plasencia,40.0312,-6.0885,19.06,88,99,1698216297,ES,1698216297
386,burabay,53.0838,70.3138,6.03,79,100,1698199330,KZ,1698199330
387,angaur state,6.906,134.13,28.38,77,71,1698180595,PW,1698180595
388,zhosaly,45.4878,64.0781,19.39,43,100,1698199942,KZ,1698199942
389,melfort,52.8667,-104.6177,-8.93,79,17,1698241338,CA,1698241338
390,saipan,15.1355,145.701,28.39,83,20,1698178243,MP,1698178243
391,sarmiento,-45.5882,-69.07,10.81,49,1,1698225894,AR,1698225894
392,itoman,26.1247,127.6694,25.43,69,75,1698183192,JP,1698183192
393,masally,39.0,48.6667,21.96,66,74,1698203061,AZ,1698203061
394,zhigalovo,54.8097,105.1578,-1.49,54,95,1698191203,RU,1698191203
395,isola di capo rizzuto,38.96,17.0933,23.99,73,0,1698210641,IT,1698210641
396,kupang,-10.1667,123.5833,29.32,70,20,1698182256,ID,1698182256
397,shingu,33.7333,135.9833,15.07,88,0,1698181693,JP,1698181693
398,mascara,35.3966,0.1403,20.51,43,2,1698214436,DZ,1698214436
399,karratha,-20.7377,116.8463,31.12,36,0,1698183284,AU,1698183284
400,cabo san lucas,22.8909,-109.9124,23.75,65,34,1698240040,MX,1698240040
401,maintirano,-18.0667,44.0167,29.74,64,1,1698200911,MG,1698200911
402,i-n-salah,27.1935,2.4607,35.39,16,100,1698213321,DZ,1698213321
403,ascension,30.2169,-90.9001,21.67,93,75,1698235934,US,1698235934
404,san patricio,28.017,-97.5169,27.13,83,5,1698237379,US,1698237379
405,south hedland,-20.4089,118.5983,28.96,61,0,1698182883,AU,1698182883
406,strezhevoy,60.7333,77.5889,-0.58,73,100,1698198880,RU,1698198880
407,gizo,-8.103,156.8419,27.76,79,100,1698174384,SB,1698174384
408,sydney mines,46.2367,-60.2177,9.44,93,75,1698229879,CA,1698229879
409,sorong,-0.8833,131.25,26.8,79,100,1698180893,ID,1698180893
410,igarka,67.4667,86.5833,-6.15,96,99,1698198581,RU,1698198581
411,tralee,52.2704,-9.7026,10.14,93,75,1698218449,IE,1698218449
412,tulun,54.5611,100.5792,2.06,50,100,1698192266,RU,1698192266
413,martil,35.6166,-5.2752,23.98,53,40,1698215753,MA,1698215753
414,ikom,5.9667,8.7063,31.02,65,100,1698210650,NG,1698210650
415,mount pearl,47.5166,-52.7813,6.64,89,75,1698228228,CA,1698228228
416,yardimli,38.9206,48.2372,17.43,59,65,1698203158,AZ,1698203158
417,bayanhongor,46.7167,100.1167,-0.49,28,56,1698191410,MN,1698191410
418,bamboo flat,11.7,92.7167,27.05,83,75,1698190781,IN,1698190781
419,tiruchchendur,8.4833,78.1167,31.16,66,26,1698194119,IN,1698194119
420,yuktae-dong,40.0247,128.1597,15.64,68,1,1698184052,KP,1698184052
421,east london,-33.0153,27.9116,21.52,64,20,1698203796,ZA,1698203796
422,mahina,-17.5065,-149.489,25.87,73,100,1698247366,PF,1698247366
423,mil'kovo,55.6078,37.7956,-0.27,49,7,1698207514,RU,1698207514
424,ampara,7.2833,81.6667,28.07,75,38,1698193206,LK,1698193206
425,mananjary,-21.2167,48.3333,28.84,67,2,1698199690,MG,1698199690
426,toamasina,-18.1667,49.3833,29.0,79,20,1698199618,MG,1698199618
427,ambon,-3.6954,128.1814,27.15,95,20,1698181487,ID,1698181487
428,bubaque,11.2833,-15.8333,28.2,75,100,1698216814,GW,1698216814
429,nogliki,51.8333,143.1667,3.52,64,1,1698181657,RU,1698181657
430,la passe,45.5549,-0.8967,17.23,88,85,1698215558,FR,1698215558
431,shibirghan,36.6676,65.7529,28.95,15,81,1698198774,AF,1698198774
432,kondopoga,62.2057,34.2614,-0.17,72,13,1698209628,RU,1698209628
433,porto novo,6.4965,2.6036,31.72,59,96,1698212142,BJ,1698212142
434,rzhev,56.2624,34.3282,0.73,59,47,1698208452,RU,1698208452
435,skikda,36.8762,6.9092,23.87,49,54,1698212922,DZ,1698212922
436,polyarnyy,69.1989,33.4478,-1.91,92,76,1698212063,RU,1698212063
437,grand falls-windsor,48.9332,-55.6649,5.84,90,95,1698229080,CA,1698229080
438,yung shue wan,22.2333,114.1167,27.04,79,96,1698186216,HK,1698186216
439,viedma,-40.8135,-62.9967,12.67,53,4,1698224933,AR,1698224933
440,at-bashi,41.1702,75.8106,13.08,34,2,1698196723,KG,1698196723
441,saint-louis,16.3333,-15.0,36.43,19,100,1698216883,SN,1698216883
442,gulf shores,30.246,-87.7008,23.36,72,20,1698235167,US,1698235167
443,zhenlai,45.8495,123.2973,12.42,24,35,1698185752,CN,1698185752
444,merizo village,13.2658,144.6691,28.32,96,54,1698178392,GU,1698178392
445,jinshi,29.6049,111.8701,16.41,97,100,1698187204,CN,1698187204
446,atasu,48.6814,71.6433,12.01,51,100,1698198464,KZ,1698198464
447,buulobarde,3.8538,45.5674,33.58,40,57,1698201696,SO,1698201696
448,corinto,37.9407,22.9573,23.83,44,97,1698209151,GR,1698209151
449,chonchi,-42.6128,-73.8092,5.07,89,30,1698227349,CL,1698227349
450,arkhangel'sk,64.5401,40.5433,1.18,83,42,1698208719,RU,1698208719
451,ghanzi,-21.5667,21.7833,37.2,5,0,1698206038,BW,1698206038
452,plano,33.0198,-96.6989,22.21,87,100,1698237519,US,1698237519
453,egilsstadir,65.2653,-14.3948,0.95,93,40,1698222146,IS,1698222146
454,natchitoches,31.7668,-93.1335,22.47,94,100,1698236575,US,1698236575
455,pisco,-13.7,-76.2167,20.03,83,100,1698230003,PE,1698230003
456,tsiombe,-25.3,45.4833,23.57,78,100,1698200120,MG,1698200120
457,independence,39.0911,-94.4155,18.4,96,100,1698237434,US,1698237434
458,shamakhi,40.6314,48.6414,16.58,64,88,1698203203,AZ,1698203203
459,corner brook,48.9667,-57.9484,7.16,91,97,1698229632,CA,1698229632
460,kirtipur,27.6667,85.2833,21.96,49,20,1698193465,NP,1698193465
461,opuwo,-18.0607,13.84,37.88,8,8,1698208151,NA,1698208151
462,santa ines,-3.6667,-45.38,28.09,66,86,1698223137,BR,1698223137
463,puerto colombia,10.9878,-74.9547,26.05,81,40,1698230990,CO,1698230990
464,kardla,58.9978,22.7492,1.7,67,98,1698211716,EE,1698211716
465,lucapa,-8.4192,20.7447,33.4,39,97,1698207023,AO,1698207023
466,arteche,12.2645,125.4048,26.78,86,80,1698182964,PH,1698182964
467,kalabo,-14.97,22.6814,40.16,16,6,1698206205,ZM,1698206205
468,esquel,-42.9,-71.3167,4.44,70,4,1698226722,AR,1698226722
469,enewetak,11.3474,162.3373,28.69,78,93,1698174052,MH,1698174052
470,'ayn al 'arab,36.8932,38.3651,27.27,29,0,1698205369,SY,1698205369
471,kilindoni,-7.9139,39.6668,27.73,76,60,1698202509,TZ,1698202509
472,amga,60.8953,131.9608,-5.59,95,100,1698185841,RU,1698185841
473,gordonvale,-17.0936,145.7842,23.88,93,2,1698176552,AU,1698176552
474,mana,5.6592,-53.7767,28.29,76,90,1698225630,GF,1698225630
475,caleta de carquin,-11.0925,-77.6267,18.63,92,100,1698230484,PE,1698230484
476,portland,45.5234,-122.6762,8.8,94,99,1698244810,US,1698244810
477,kibre mengist,5.8833,38.9833,20.34,85,93,1698203379,ET,1698203379
478,gaiman,-43.2897,-65.4929,14.89,31,0,1698225285,AR,1698225285
479,minden,52.2833,8.9167,12.02,84,75,1698213976,DE,1698213976
480,bocas del toro,9.3333,-82.25,23.39,89,100,1698232654,PA,1698232654
481,dar chioukh,34.8964,3.4854,18.11,38,10,1698213595,DZ,1698213595
482,papao,-17.75,-149.55,25.82,76,85,1698247367,PF,1698247367
483,tudela,42.0617,-1.6045,16.5,52,85,1698215397,ES,1698215397
484,gadzhiyevo,69.2551,33.3362,-2.31,93,73,1698212115,RU,1698212115
485,bruino,45.0099,7.4842,19.44,79,20,1698213490,IT,1698213490
486,agios nikolaos,35.1914,25.7133,25.43,69,74,1698208279,GR,1698208279
487,juneau,58.3019,-134.4197,1.23,74,20,1698249368,US,1698249368
488,lerwick,60.1545,-1.1494,10.0,81,81,1698217690,GB,1698217690
489,at taj,24.2049,23.2857,28.85,24,0,1698208139,LY,1698208139
490,nantucket,41.2835,-70.0995,15.0,94,0,1698231780,US,1698231780
491,davos,46.8043,9.8372,9.08,71,82,1698213108,CH,1698213108
492,licheng,23.2955,113.8284,26.5,75,91,1698186347,CN,1698186347
493,warman,52.3168,-106.5679,-8.84,85,0,1698241732,CA,1698241732
494,al jawf,29.5,38.75,28.54,29,0,1698204755,SA,1698204755
495,zarzis,33.504,11.1122,26.95,68,100,1698211663,TN,1698211663
496,manta,-0.95,-80.7333,23.88,88,100,1698231761,EC,1698231761
497,richfield,44.8833,-93.283,11.21,96,100,1698237685,US,1698237685
498,belmonte,-15.8631,-38.8828,26.93,71,58,1698220925,BR,1698220925
499,denizli,37.8402,29.0698,28.94,19,84,1698207675,TR,1698207675
500,newman,37.3138,-121.0208,13.36,84,10,1698243680,US,1698243680
501,pontianak,-0.0333,109.3333,27.99,78,40,1698186196,ID,1698186196
502,regina,50.4501,-104.6178,-10.54,87,75,1698241023,CA,1698241023
503,concepcion,-36.827,-73.0498,7.89,100,75,1698227702,CL,1698227702
504,tanumah,27.1,44.1333,32.0,21,61,1698203310,SA,1698203310
505,cestos city,5.46,-9.5828,27.45,75,100,1698215013,LR,1698215013
506,iperu,6.91,3.6656,31.65,58,92,1698211908,NG,1698211908
507,tisul',55.7611,88.3122,4.46,81,100,1698195397,RU,1698195397
508,rabaul,-4.1967,152.1721,26.66,78,98,1698175705,PG,1698175705
509,turtas,58.9417,69.1325,-0.16,63,100,1698200555,RU,1698200555
510,gaspe,48.8334,-64.4819,5.95,87,100,1698231187,CA,1698231187
511,nguigmi,14.2495,13.1092,34.0,18,21,1698210024,NE,1698210024
512,kingston,17.997,-76.7936,25.12,98,67,1698231809,JM,1698231809
513,kavieng,-2.5744,150.7967,27.15,81,100,1698176117,PG,1698176117
514,runka,12.4479,7.3092,35.06,9,68,1698211321,NG,1698211321
515,shasta lake,40.6804,-122.3708,18.4,43,100,1698244282,US,1698244282
516,pandan,14.0453,124.1694,27.15,86,87,1698183354,PH,1698183354
517,rio grande,-32.035,-52.0986,17.06,74,83,1698223059,BR,1698223059
518,taperoa,-7.2075,-36.8267,24.21,59,75,1698220901,BR,1698220901
519,khanty-mansiysk,61.0042,69.0019,-0.94,55,40,1698201003,RU,1698201003
520,renqiu,38.6989,116.0936,21.49,22,6,1698186842,CN,1698186842
521,ak'ordat,15.5486,37.8867,34.93,26,99,1698204146,ER,1698204146
522,ta`u,-14.2336,-169.5144,25.97,77,80,1698252357,AS,1698252357
523,diepholz,52.6,8.3667,12.07,85,75,1698214151,DE,1698214151
524,fale old settlement,-9.3852,-171.2468,28.42,77,11,1698339418,TK,1698339418
525,bengkulu,-3.8004,102.2655,24.99,91,98,1698187701,ID,1698187701
526,korsakov,46.6328,142.7813,9.91,94,2,1698181151,RU,1698181151
527,buurhakaba,2.8026,44.0781,33.5,40,72,1698202000,SO,1698202000
528,flin flon,54.7682,-101.865,-5.09,74,20,1698240951,CA,1698240951
529,pacasmayo,-7.4006,-79.5714,18.95,90,100,1698231147,PE,1698231147
530,humaita,-7.5061,-63.0208,26.06,79,100,1698227170,BR,1698227170
531,hafnarfjordur,64.0671,-21.9377,8.93,71,75,1698223616,IS,1698223616
532,dien bien phu,21.3833,103.0167,24.61,81,39,1698188833,VN,1698188833
533,veraval,20.9,70.3667,32.05,43,5,1698196643,IN,1698196643
534,jos,9.9167,8.9,28.49,20,88,1698210807,NG,1698210807
535,gamba,-2.65,10.0,23.57,95,100,1698209900,GA,1698209900
536,darwin,-12.4611,130.8418,29.99,69,0,1698180392,AU,1698180392
537,borcea,44.3333,27.75,25.89,34,97,1698208556,RO,1698208556
538,pangkalan brandan,4.0238,98.2782,26.11,84,46,1698189054,ID,1698189054
539,berdigestyakh,62.0989,126.6992,-5.4,98,100,1698187374,RU,1698187374
540,harstad,68.799,16.5293,4.23,97,100,1698215963,NO,1698215963
541,porto san giorgio,43.1827,13.7934,23.89,50,98,1698211800,IT,1698211800
542,aykhal,66.0,111.5,-10.21,93,97,1698192087,RU,1698192087
543,wagar,16.1525,36.2032,36.8,27,24,1698204582,SD,1698204582
544,malabar,-33.9667,151.25,18.4,70,75,1698174145,AU,1698174145
545,san julian,21.0167,-102.1667,13.19,75,100,1698238071,MX,1698238071
546,leava,-14.3,-178.1667,26.6,80,91,1698254429,WF,1698254429
547,quelimane,-17.8786,36.8883,38.32,27,0,1698202632,MZ,1698202632
548,coaldale,49.7167,-112.6185,-9.47,85,100,1698242856,CA,1698242856
549,santa ana,33.7456,-117.8678,19.28,83,100,1698242654,US,1698242654
550,damghan,36.1683,54.348,22.36,27,100,1698201475,IR,1698201475
551,izazi,-7.2,35.7333,37.28,21,87,1698203490,TZ,1698203490
552,sariyahsi,38.9835,33.8414,24.79,24,64,1698206620,TR,1698206620
553,fada,9.5667,8.3,31.26,25,81,1698210932,NG,1698210932
554,lonar,19.9833,76.5333,28.56,30,12,1698195111,IN,1698195111
555,nkoteng,4.5167,12.0333,22.59,94,100,1698209777,CM,1698209777
556,smithers,54.7804,-127.1743,-10.82,85,0,1698247036,CA,1698247036
557,kapa'a,22.0752,-159.319,22.99,83,0,1698251853,US,1698251853
558,hastings,50.8552,0.5729,15.55,36,95,1698215797,GB,1698215797
559,ghadamis,30.1337,9.5007,32.5,14,100,1698211820,LY,1698211820
560,hugo,45.16,-92.9933,11.11,96,100,1698237643,US,1698237643
561,bahia de kino,28.8333,-111.9333,17.18,56,0,1698240893,MX,1698240893
562,kirensk,57.7853,108.1119,0.54,47,100,1698190974,RU,1698190974
563,hilo,19.7297,-155.09,24.03,92,100,1698250702,US,1698250702
